index,id,title,privacy,likes,views,comments,timestamp
166,4839376,Do You Regret Your Baby's Name?,private,70,11318,7,Oct 17 2015
176,4839386,What Are Other Great Uses for Hair Ties?,public,97,7837,45,Oct 08 2015
178,4839388,Your Favorite Belly Shot,public,79,6013,5,Oct 10 2015
173,4839383,Mmmm... What Are You Craving Today?,private,129,14509,32,Oct 05 2015
179,4839389,My Favorite Oatmeal Recipe,public,45,6897,2,Oct 11 2015
178,4839388,Your Favorite Belly Shot,public,79,6013,5,Oct 10 2015
171,4839381,My Favorite Quotes on Motherhood,public,50,7278,39,Oct 03 2015
168,4839378,Alert: Nerf Blasters Toy Recalled,public,122,5308,36,Oct 19 2015
171,4839381,My Favorite Quotes on Motherhood,public,50,7278,39,Oct 03 2015
169,4839379,What It Means to Be Expecting,private,94,19312,37,Oct 20 2015
175,4839385,Design Deals - Keep Calm and Carry On Poster,private,120,3186,42,Oct 07 2015
169,4839379,What It Means to Be Expecting,private,94,19312,37,Oct 20 2015
184,4839394,Sarah Palin will be on Saturday Night Live!,public,68,3509,2,Oct 16 2015
172,4839382,Group Hug: Birth Is Normal,public,100,19941,22,Oct 04 2015
179,4839389,My Favorite Oatmeal Recipe,public,45,6897,2,Oct 11 2015
164,4839374,Did You Go Past Your Due Date?,public,111,10770,16,Oct 15 2015
166,4839376,Do You Regret Your Baby's Name?,private,70,11318,7,Oct 17 2015
157,4839367,Baby Names: Love Sarah Palin's or No?,private,71,19447,35,Oct 08 2015
189,4839399,Be a Part of the Beauty & Style Buzz,public,118,17822,33,Oct 02 2015
